{
  "search_results_0A": [
    "https://tracxn.com/d/companies/ola-electric/__6IJkJRdLTLqpbr0U9y9iAZUrtZVZC1HCfmjdnQe6edo/funding-and-investors",
    "https://www.reuters.com/business/autos-transportation/temasek-leads-140-mln-ola-electric-funding-54-bln-valuation-sources-2023-09-07/",
    "https://www.business-standard.com/companies/news/ola-electric-valuation-to-rise-to-6-bn-with-latest-300-mn-fund-raise-123052200908_1.html",
    "https://www.cbinsights.com/company/ola-electric-mobility/financials",
    "https://the-ken.com/story/the-real-reason-behind-ola-electric-slashing-its-ipo-valuation-in-a-booming-stock-market/"
  ],
  "text_list_1A": [
    [
      {
        "type": "text",
        "text": "[trafilatura] Ola Electric's Funding Rounds\nOla Electric has raised a total of $1B over 14 funding rounds: 1 Seed, 4 Early-Stage, 5 Late-Stage and 4 Debt rounds. Ola Electric's largest funding round so far was a Series B round for $267M in Jul 2019, led by SoftBank.\nHere is the list of all funding rounds of Ola Electric:\nDate of funding | Funding Amount | Round Name | Post money valuation | Revenue multiple | Investors |\n|---|---|---|---|---|---|\nJun 12, 2024 | $12M | Conventional Debt | - | - | |\nApr 01, 2024 | $49.2M | Conventional Debt | - | - | |\nDec 06, 2023 | $2.4M | Angel | $5.75B | - | |\nOct 26, 2023 | $240M | Conventional Debt | - | - | |\nJul 14, 2023 | $140M | Series E | $5.76B | 11.9x | |\nApr 01, 2022 | $7.49M | Series D | $5.28B | - | |\nFeb 25, 2022 | $123M | Series D | $5.34B | - | |\nJan 22, 2022 | $200M | Series C | - | - | Edelweiss, Tekne Private Ventures, Alpine Opportunity Fund, Barry S Sternlicht, Tekne Capital Management, DIG Investment, Ab Initio Capital, Ashna Advisors, Jasneet Singh, NK Aggarwal, Bipin Gupta, Rakesh Aggarwal, Brijesh Gupta, Dinesh Aggarwal, Mahimn Sodhani, Nipun Goel, Alpha Wave Global, Alpine Investors, NK Aggarwal, Bipin Gupta, Rakesh Aggarwal, Brijesh Gupta, Dinesh Aggarwal, Nipun Goel |\nOct 04, 2021 | $200M | Series C | $2.87B | 60.5x | Alpha Wave Investors, SoftBank, MacRitchie Investments, Edelweiss, 360 One, Rahul Ravindra Raj Mehta, Ashna Advisors, Sumit Shah, Azara, Farhan Akhtar, Rohan Ramchandani, Ritesh Sidhwani, Zoya Akhtar, Alpha Wave Global, Temasek, DIG Investment, Barry S Sternlicht, VSS Investco, Sumit Shah, Ritesh Sidhwani, Rohan Ramchandani |\nJul 12, 2021 | $100M | Conventional Debt | - | - | |\nMar 12, 2020 | $1.35M | Series B | $982M | - | |\nJul 02, 2019 | $267M | Series B | $356M | - | |\nMay 06, 2019 | $2.13M | Series A | $286M | 75.9x | |\nFeb 26, 2019 | $57M | Series A | $277M | - |\nNote: Investors shown in bold are lead investors in that round\nGet Ola Electric's Funding & Investors list, delivered to your inbox!\nOla Electric's Investors\nHere is the list of institutional investors of Ola Electric:\n- Alteria Capital, located in Mumbai (India), made their first investment in Ola Electric on Jun 12, 2024 in its Conventional Debt round.\n- EvolutionX, located in Singapore (Singapore), made their first investment in Ola Electric on Apr 01, 2024 in its Conventional Debt round.\n- SBI, located in Mumbai (India), made their first investment in Ola Electric on Oct 26, 2023 in its Conventional Debt round.\n- Temasek, located in Singapore (Singapore), made their first investment in Ola Electric on Oct 04, 2021 in its Series C round.\n- Tiger Global Management, located in New York City (United States), made their first investment in Ola Electric on Feb 26, 2019 in its Series A round.\n- DIG Investment, located in Stockholm (Sweden), made their first investment in Ola Electric on Oct 04, 2021 in its Series C round.\n- Blue Investment, located in New York City (United States), made their first investment in Ola Electr",
        "annotations": null
      }
    ],
    [
      {
        "type": "text",
        "text": "[timeout] [no text]",
        "annotations": null
      }
    ],
    [
      {
        "type": "text",
        "text": "[trafilatura] Access Denied\nYou don't have permission to access \"http://www.business-standard.com/companies/news/ola-electric-valuation-to-rise-to-6-bn-with-latest-300-mn-fund-raise-123052200908_1.html\" on this server.\nReference #18.36d70b17.1747635402.bf598f5\nhttps://errors.edgesuite.net/18.36d70b17.1747635402.bf598f5",
        "annotations": null
      }
    ],
    [
      {
        "type": "text",
        "text": "[trafilatura] Ola Electric\nTotal Raised\n$1.569BInvestors Count\n26Deal Terms\n5Investments\n1Funding, Valuation & Revenue\n15 Fundings\nOla Electric has raised $1.569B over 15 rounds.\nOla Electric's latest funding round was a IPO for $732.16M on August 9, 2024.\nOla Electric's valuation in September 2023 was $5,400 - $5,500M.\nDate | Round | Amount | Investors | Valuation Valuations are submitted by companies, mined from state filings or news, provided by VentureSource, or based on a comparables valuation model. | Revenue | Sources |\n|---|---|---|---|---|---|---|\n8/9/2024 | IPO | $732.16M | 7 | |||\n6/11/2024 | Debt - IV | $11.97M | 1 | |||\n4/1/2024 | Debt - III | $50M | 3 | |||\n10/26/2023 | Debt - II | |||||\n9/6/2023 | Series E | $5,400 - $5,500M |\nDate | 8/9/2024 | 6/11/2024 | 4/1/2024 | 10/26/2023 | 9/6/2023 |\n|---|---|---|---|---|---|\nRound | IPO | Debt - IV | Debt - III | Debt - II | Series E |\nAmount | $732.16M | $11.97M | $50M | ||\nInvestors | |||||\nValuation | $5,400 - $5,500M | ||||\nRevenue | |||||\nSources | 7 | 1 | 3 |\nOla Electric Deal Terms\n5 Deal Terms\nOla Electric's deal structure is available for 5 funding rounds, including their Series E from September 06, 2023.\nRound | Series E | Series D | Series C - II | Series C | Series B |\n|---|---|---|---|---|---|\nFunding Date | |||||\nPre-Money Valuation | |||||\nPost-Money Valuation | |||||\nAmount Raised | |||||\nShares Authorized | |||||\nIssuance Price | |||||\nDividend Rate | |||||\nLiquidation Preferences | |||||\nLiquidation Price | |||||\nParticipation | |||||\nConversion Price | |||||\nAnti Dilution | |||||\nGeneral Voting | |||||\nBoard Voting | |||||\nPar Value |\nRound | Funding Date | Pre-Money Valuation | Post-Money Valuation | Amount Raised | Shares Authorized | Issuance Price | Dividend Rate | Liquidation Preferences | Liquidation Price | Participation | Conversion Price | Anti Dilution | General Voting | Board Voting | Par Value |\n|---|---|---|---|---|---|---|---|---|---|---|---|---|---|---|---|\nSeries E | |||||||||||||||\nSeries D | |||||||||||||||\nSeries C - II | |||||||||||||||\nSeries C | |||||||||||||||\nSeries B |\nOla Electric Investors\n26 Investors\nOla Electric has 26 investors. Alteria Capital invested in Ola Electric's Debt - IV funding round.\nFirst funding | Last Funding | Investor | Rounds | Board Seats | Type | Location |\n|---|---|---|---|---|---|---|\n6/11/2024 | 6/11/2024 | 1 Debt - IV | Debt & Specialty Finance | India | ||\n4/1/2024 | 4/1/2024 | 1 Debt - III | Debt & Specialty Finance | Singapore | ||\n10/26/2023 | 10/26/2023 | State Bank of India | 1 Debt - II | Bank | India | |\nPublic-Private Partnership | Singapore | |||||\nHedge Fund | New York |\nFirst funding | 6/11/2024 | 4/1/2024 | 10/26/2023 | ||\n|---|---|---|---|---|---|\nLast Funding | 6/11/2024 | 4/1/2024 | 10/26/2023 | ||\nInvestor | State Bank of India | ||||\nRounds | 1 Debt - IV | 1 Debt - III | 1 Debt - II | ||\nBoard Seats | |||||\nType | Debt & Specialty Finance | Debt & Specialty Finance | Bank | Public-Private Partnership | Hedge Fund ",
        "annotations": null
      }
    ],
    [
      {
        "type": "text",
        "text": "[trafilatura] - Ola Electrics IPO, which opens today, pegs the electric two-wheeler leaders valuation at US$4 billion25% less than what it was less than a year ago\n- Overpromises and under-delivery of rosy past projections in previous private fund-raises have come home to roost for the company\n- In a booming stock market, theres the rich irony of a downround IPO. Calling it an attractive price for new investors is making a virtue out of necessity\n- Ola Electric, in need of a quick cash boost, is settling for a valuation cut. Even then, the offering falls short for investors\nEnter your email address to receive a daily summary of all our stories.\nOla Electric Mobilitys maiden public issue of Rs 6,000 crore+ (>US$717 million)which opens for retail investors today and is expected to be Indias largest in 2024is a bundle of contradictions.\nThe countrys stock market is seeing an unprecedented bull run, with its bellwether indices BSE Sensex and Nifty 50 breaching new highs every other day. Yet, the electric-vehicle (EV) companys asking price for its initial public offer (IPO) pegs its valuationRs 33,500 croreat a steep 25% discount to what it\nWhy would Indias leading electric two-wheeler maker, which sells more than one out of every three of these vehicles in the country and is gung-ho about its prospects, settle for so less? In fact, in December 2023, the company was\nWhat changed so much, so soon?\nBhavish Aggarwal, Ola Electrics chief executive, would have you believe that the company wants to leave money on the table for new investors in the public issuebanking on a typical listing-day pop.\nI wanted to make sure we price it attractively for the entire investor community in India, Aggarwal said in a media interaction late in July. He has also brushed aside earlier reports of the expected high valuation. I think the numbers that were reported were speculation; we never put out a number. Sometimes these speculations build on themselves. But then we had a choice and we chose to actually keep the IPO very attractively priced, he said in another interaction.\nIf only.\nThe valuation slash is not the only thing that strikes as odd. Three institutional investorsAb Initio Capital, Alpine Opportunity Fund, and Tekne Private Ventureswill be selling some of their shares in Ola Electric at a tidy loss, show the IPO documents.\nShare this article with your network\nSend the article link to friends or colleagues who might find this story interesting or insightful.\nSend the article link to friends or colleagues who might find this story interesting or insightful.",
        "annotations": null
      }
    ]
  ]
}