{
  "search_results_0A": [
    "https://en.wikipedia.org/wiki/India%E2%80%93Vietnam_relations",
    "https://visionias.in/current-affairs/monthly-magazine/2024-09-12/international-relations/india-vietnam-relation",
    "https://www.indembassyhanoi.gov.in/page/bilateral-relations/",
    "https://www.iasgyan.in/daily-current-affairs/india-vietnam-relations-48",
    "https://asia.nikkei.com/Politics/International-relations/India-and-Vietnam-to-enhance-defense-cooperation"
  ],
  "summary_list_1A": [
    [
      {
        "type": "text",
        "text": "India and Vietnam have strong military relations characterized by:\n\n*   **Defense cooperation:** Including the sale of military equipment, intelligence sharing, joint naval exercises, and training in counterinsurgency and jungle warfare.\n*   **Goodwill visits:** India regularly sends warships to Vietnamese seas.\n*   **Strategic Partnership:** Bilateral relations were elevated to this level in 2007, further solidifying their military ties.",
        "annotations": null
      }
    ],
    [
      {
        "type": "text",
        "text": "I am sorry, but the provided text focuses on the Vision IAS website and its content offerings (current affairs, magazines, etc.) and does not contain any information about military relations between India and Vietnam. Therefore, I cannot provide a summary of their military relations based on this text.",
        "annotations": null
      }
    ],
    [
      {
        "type": "text",
        "text": "I'm sorry, but the document you provided focuses on general bilateral relations between India and Vietnam. It mentions high-level visits, development partnerships, cultural exchanges, and economic ties. However, it **doesn't specifically detail military relations** between the two countries. Therefore, I cannot provide a summary of their military relations based solely on this text.",
        "annotations": null
      }
    ],
    [
      {
        "type": "text",
        "text": "The military relations between India and Vietnam are strengthening, with a focus on emerging areas such as cyber security, information security, and military medicine. The 14th India-Vietnam Defence Policy Dialogue in August 2024 highlighted this progress. Key aspects include:\n\n*   **Joint Vision Statement 2030:** A significant agreement signed in June 2022 to advance defense relations.\n*   **Vietnam's Focus:** Delegation exchanges, staff talks, service-to-service cooperation, education and training, and defence industry collaboration.\n*   **India's Proposal:** Cooperation in cyber security, information security, military medicine, and submarine search and rescue.\n*   **Defence Industry:** India aims to contribute to Vietnam's defence capabilities through its domestic defence industry.\n*   **Training:** A Letter of Intent was signed to increase cooperation in training, including exchange of instructors and experts.",
        "annotations": null
      }
    ],
    [
      {
        "type": "text",
        "text": "The provided text only mentions that India and Vietnam are looking to enhance defense cooperation and that the Vietnamese Prime Minister visited India for this purpose. It doesn't specify the details of the existing or planned cooperation.",
        "annotations": null
      }
    ]
  ]
}