{
  "search_results_0A": [
    "https://duckduckgo.com/y.js?ad_domain=ifxbestrade.net&ad_provider=bingv7aa&ad_type=txad&click_metadata=TfmgfeTJs1TvfyjcpNOefkN76MUgefwC__2ZvbKGQ0fbCVh_fg38Hd7pttuprJ8Nwo_Zt5sRPRCRuYgfAjV7qXhdgOdfiorGYmsJ8GKW2Co5om_JBFCYFBEG0ijB1QHO.SRp3FNzow51x00QYn8_6SA&rut=34821728ca037b4540443d3bdd10874a46400dc6c26bcc53d4c13c69dc78948f&u3=https%3A%2F%2Fwww.bing.com%2Faclick%3Fld%3De8TbJlXFqrzqKoLNjlnvp0%2DjVUCUzelzwIv7khQDhPScxTpKmuycj2RG19sR28cRGJI0_vQRxw8j9CJUgHkL7htzQo8H4K0YKzKPrWROx9hQeVBQAyNskvhsh9%2DdGdwSso6IDgGLQbi0f7wtLZ2Hx_ETYbK2soiIMd5hphjcgrXvvG9njOEO4%2D96D6RD0Cv8_2aeEiPQ%26u%3DaHR0cHMlM2ElMmYlMmZrZWl0YXJvLmlmeGJlc3RyYWRlLm5ldCUyZkcyUUZ5TSUzZm1zY2xraWQlM2Q5N2EyMGMyODQ3OGIxYjg0MDA2YjY0MDM1NjUyYmRlNQ%26rlid%3D97a20c28478b1b84006b64035652bde5&vqd=4-95324953130957064812215404012291444855&iurl=%7B1%7DIG%3D7E479F782F924CF6956D8D98D00DB83B%26CID%3D0E39727A5BA36BB90363678B5AC36A9D%26ID%3DDevEx%2C5048.1",
    "https://www.nseindia.com/get-quotes/equity?symbol=ATHERENERG",
    "https://www.moneycontrol.com/india/stockpricequote/auto-ancillaries-brakes/atherenergy/AEL09"
  ],
  "raw_text_1A": [
    {
      "type": "text",
      "text": "[visible] Ather Energy Limited Share Price Today, Stock Price, Live NSE News, Quotes, Tips  NSE India\nOption Chain\nMarket Turnover\nListings\nIPO\nCirculars\nDaily Report\nHolidays\nCorporates\nPress Releases\nContact Us\nEnglish\n (Hindi)\n (Marathi)\n (Gujarati)\n (Bengali)\n (Kannada)\n (Tamil)\n (Telugu)\n (Punjabi)\n (Malayalam)\n (Oriya)\n (Assamese)\n (Urdu)\nFont Size\nA+\n|\nReset\n|\nA-\nContrast\nHigh Contrast\n|\nReset\n24,945.45\n-74.35\n(\n-0.3\n%)\n19-May-2025 15:30\nStreaming\nStreaming\non\noff\nStreaming Speed\nSlow\nMedium\nFast\n(\n%)\nIndicative close\nFutures 29-May-2025\n25,021.50\n30.00\n(\n0.12\n%)\n19-May-2025 16:39\nUSDINR\nFutures\n28-May-2025\n|\n85.4625\n19-May-2025 16:41\nMarket Capitalization\nLac Crs 441.37\n|\nTn $ 5.16\n19-May-2025\nHome\nAbout\nAbout NSE\nAbout Us\nStructure & Key Personnel\nInvestor Relations\nAwards and Recognitions\nRegulations\nEvent Gallery\nMedia\nHolidays\nCareers\nContact Us\nNSE Group companies\nNSE Academy\nNSE Clearing\nNSE Data & Analytics\nNSE Foundation\nNSE Indices\nNSE International Exchange\nNSE International Clearing\nNSE Investments\nView all\nProducts & Services\nEquity Market\nIndices\nEmerge Platform\nMutual Funds\nEquity Derivatives\nCurrency Derivatives\nCommodity Derivatives\nInterest Rate Derivatives\nFixed Income and Debt\nPublic Issues\nAbout Us\nFind everything about the leading stock exchange of India\nOur Group\nCheck NSE's group of the companies\nOur Products\nBrowse a comprehensive and innovative product and service offerings by NSE\nMarket Data\nEquity\nNew Listings\nPre-Open Market\nEquity & SME Market\nIndices\nGainers/Losers\nMost Active Equities\nPrice Band Hitters\n52 Week High/Low\nLarge Deals\nAdvances / Declines\nSecurities Lending & Borrowing\nCall auction for Illiquid Securities\nSecurities available for Trading\nPrice Bands & Surveillance Actions\nPosition/Investment Limits\nLegend of series\nDaily Reports\nHistorical Reports\nDerivatives\nDerivatives Market\nOption Chain\nMost Active Contracts\nMost Active Underlying\nChange in Open Interest\nLiquidity Enhancement Scheme\nContracts available for Trading\nDaily Reports\nHistorical Reports\nDebt & Fixed Income\nTraded on CM\nCBRICS\nRFQ\nNegotiated Trades\nTrade Repository\nTri-Party Repo\nDaily Reports\nHistorical Reports\nPrimary Markets\nIPO\nOffer For Sale\nNCB G-SEC\nInstitutional Placement Program (IPP)\nTender Offer\nRights\nINVITS\nREITS\nReverse Book Building\nMarket Snapshot\nLive Analysis of top gainers/losers, most active securities/contracts, price band hitters, overview of the market.\nOption Chain\nView Option chain for the exchange\nHistorical Reports\nView Historical Reports of securities/contracts traded on the Exchange.\nInvest\nInvestor Education\nInvesting in Securities Market\nProduct Segment\nCharges and Taxes\nInvestment limits for FIIs\nInvestor Awareness\nInvestor Charter\nProtection from Fraud\nInvestor Awareness Programs\nRegulatory Action\nRegistered Investors\nForeign Portfolio Investors (FPI)\nResources & Tools\nLocate your Stock Broker\nCompany Directory\nExit Option for shareholders\nFeedback\nInvestor's Home\nInvestor education on how to invest safely and",
      "annotations": null
    }
  ]
}