{
  "interactive_elements_1A": {
    "success": true,
    "nav": [
      {
        "id": 1,
        "desc": "Hacker News",
        "action": "click_element_by_index"
      },
      {
        "id": 2,
        "desc": "new",
        "action": "click_element_by_index"
      },
      {
        "id": 3,
        "desc": "past",
        "action": "click_element_by_index"
      },
      {
        "id": 4,
        "desc": "comments",
        "action": "click_element_by_index"
      },
      {
        "id": 5,
        "desc": "ask",
        "action": "click_element_by_index"
      },
      {
        "id": 6,
        "desc": "show",
        "action": "click_element_by_index"
      },
      {
        "id": 7,
        "desc": "jobs",
        "action": "click_element_by_index"
      },
      {
        "id": 8,
        "desc": "submit",
        "action": "click_element_by_index"
      },
      {
        "id": 9,
        "desc": "login",
        "action": "click_element_by_index"
      },
      {
        "id": 10,
        "desc": "Link",
        "action": "click_element_by_index"
      },
      {
        "id": 11,
        "desc": "Modification of Acetaminophen To Reduce Liver Toxicity And Enhance Drug Efficacy",
        "action": "click_element_by_index"
      },
      {
        "id": 12,
        "desc": "societyforscience.org",
        "action": "click_element_by_index"
      },
      {
        "id": 13,
        "desc": "felineflock",
        "action": "click_element_by_index"
      },
      {
        "id": 14,
        "desc": "35 minutes ago",
        "action": "click_element_by_index"
      },
      {
        "id": 15,
        "desc": "hide",
        "action": "click_element_by_index"
      },
      {
        "id": 16,
        "desc": "1 comment",
        "action": "click_element_by_index"
      },
      {
        "id": 17,
        "desc": "Link",
        "action": "click_element_by_index"
      },
      {
        "id": 18,
        "desc": "Postgres IDE in VS Code",
        "action": "click_element_by_index"
      },
      {
        "id": 19,
        "desc": "microsoft.com",
        "action": "click_element_by_index"
      },
      {
        "id": 20,
        "desc": "Dowwie",
        "action": "click_element_by_index"
      },
      {
        "id": 21,
        "desc": "9 hours ago",
        "action": "click_element_by_index"
      },
      {
        "id": 22,
        "desc": "hide",
        "action": "click_element_by_index"
      },
      {
        "id": 23,
        "desc": "280 comments",
        "action": "click_element_by_index"
      },
      {
        "id": 24,
        "desc": "Link",
        "action": "click_element_by_index"
      },
      {
        "id": 25,
        "desc": "Find Your People",
        "action": "click_element_by_index"
      },
      {
        "id": 26,
        "desc": "foundersatwork.posthaven.com",
        "action": "click_element_by_index"
      },
      {
        "id": 27,
        "desc": "jl",
        "action": "click_element_by_index"
      },
      {
        "id": 28,
        "desc": "8 hours ago",
        "action": "click_element_by_index"
      },
      {
        "id": 29,
        "desc": "hide",
        "action": "click_element_by_index"
      },
      {
        "id": 30,
        "desc": "156 comments",
        "action": "click_element_by_index"
      },
      {
        "id": 31,
        "desc": "Link",
        "action": "click_element_by_index"
      },
      {
        "id": 32,
        "desc": "Show HN: Genetic Boids Web Simulation",
        "action": "click_element_by_index"
      },
      {
        "id": 33,
        "desc": "attentionmech.github.io",
        "action": "click_element_by_index"
      },
      {
        "id": 34,
        "desc": "vimgrinder",
        "action": "click_element_by_index"
      },
      {
        "id": 35,
        "desc": "5 hours ago",
        "action": "click_element_by_index"
      },
      {
        "id": 36,
        "desc": "hide",
        "action": "click_element_by_index"
      },
      {
        "id": 37,
        "desc": "25 comments",
        "action": "click_element_by_index"
      },
      {
        "id": 38,
        "desc": "Link",
        "action": "click_element_by_index"
      },
      {
        "id": 39,
        "desc": "Mermaid: Generation of diagrams like flowcharts or sequence diagrams from text",
        "action": "click_element_by_index"
      },
      {
        "id": 40,
        "desc": "github.com/mermaid-js",
        "action": "click_element_by_index"
      },
      {
        "id": 41,
        "desc": "olalonde",
        "action": "click_element_by_index"
      },
      {
        "id": 42,
        "desc": "2 hours ago",
        "action": "click_element_by_index"
      },
      {
        "id": 43,
        "desc": "hide",
        "action": "click_element_by_index"
      },
      {
        "id": 44,
        "desc": "10 comments",
        "action": "click_element_by_index"
      },
      {
        "id": 45,
        "desc": "Link",
        "action": "click_element_by_index"
      },
      {
        "id": 46,
        "desc": "Root for Your Friends",
        "action": "click_element_by_index"
      },
      {
        "id": 47,
        "desc": "josephthacker.com",
        "action": "click_element_by_index"
      },
      {
        "id": 48,
        "desc": "rez0123",
        "action": "click_element_by_index"
      },
      {
        "id": 49,
        "desc": "1 hour ago",
        "action": "click_element_by_index"
      },
      {
        "id": 50,
        "desc": "hide",
        "action": "click_element_by_index"
      },
      {
        "id": 51,
        "desc": "15 comments",
        "action": "click_element_by_index"
      },
      {
        "id": 52,
        "desc": "Link",
        "action": "click_element_by_index"
      },
      {
        "id": 53,
        "desc": "The world of Japan's PC-98 computer",
        "action": "click_element_by_index"
      },
      {
        "id": 54,
        "desc": "strangecomforts.com",
        "action": "click_element_by_index"
      },
      {
        "id": 55,
        "desc": "ecliptik",
        "action": "click_element_by_index"
      },
      {
        "id": 56,
        "desc": "4 hours ago",
        "action": "click_element_by_index"
      },
      {
        "id": 57,
        "desc": "hide",
        "action": "click_element_by_index"
      },
      {
        "id": 58,
        "desc": "15 comments",
        "action": "click_element_by_index"
      },
      {
        "id": 59,
        "desc": "Link",
        "action": "click_element_by_index"
      },
      {
        "id": 60,
        "desc": "A Formal Proof of Complexity Bounds on Diophantine Equations",
        "action": "click_element_by_index"
      },
      {
        "id": 61,
        "desc": "arxiv.org",
        "action": "click_element_by_index"
      },
      {
        "id": 62,
        "desc": "badmonster",
        "action": "click_element_by_index"
      },
      {
        "id": 63,
        "desc": "4 hours ago",
        "action": "click_element_by_index"
      },
      {
        "id": 64,
        "desc": "hide",
        "action": "click_element_by_index"
      },
      {
        "id": 65,
        "desc": "5 comments",
        "action": "click_element_by_index"
      },
      {
        "id": 66,
        "desc": "Link",
        "action": "click_element_by_index"
      },
      {
        "id": 67,
        "desc": "Show HN: I built a more productive way to manage AI chats",
        "action": "click_element_by_index"
      },
      {
        "id": 68,
        "desc": "contextch.at",
        "action": "click_element_by_index"
      },
      {
        "id": 69,
        "desc": "tapeo",
        "action": "click_element_by_index"
      },
      {
        "id": 70,
        "desc": "4 hours ago",
        "action": "click_element_by_index"
      },
      {
        "id": 71,
        "desc": "hide",
        "action": "click_element_by_index"
      },
      {
        "id": 72,
        "desc": "30 comments",
        "action": "click_element_by_index"
      },
      {
        "id": 73,
        "desc": "Link",
        "action": "click_element_by_index"
      },
      {
        "id": 74,
        "desc": "Show HN: DoubleMemory – more efficient local-first read-it-later app",
        "action": "click_element_by_index"
      },
      {
        "id": 75,
        "desc": "doublememory.com",
        "action": "click_element_by_index"
      },
      {
        "id": 76,
        "desc": "randomor",
        "action": "click_element_by_index"
      },
      {
        "id": 77,
        "desc": "6 hours ago",
        "action": "click_element_by_index"
      },
      {
        "id": 78,
        "desc": "hide",
        "action": "click_element_by_index"
      },
      {
        "id": 79,
        "desc": "25 comments",
        "action": "click_element_by_index"
      },
      {
        "id": 80,
        "desc": "Link",
        "action": "click_element_by_index"
      },
      {
        "id": 81,
        "desc": "Positional preferences, order effects, prompt sensitivity undermine AI judgments",
        "action": "click_element_by_index"
      },
      {
        "id": 82,
        "desc": "cip.org",
        "action": "click_element_by_index"
      },
      {
        "id": 83,
        "desc": "joalstein",
        "action": "click_element_by_index"
      },
      {
        "id": 84,
        "desc": "7 hours ago",
        "action": "click_element_by_index"
      },
      {
        "id": 85,
        "desc": "hide",
        "action": "click_element_by_index"
      },
      {
        "id": 86,
        "desc": "56 comments",
        "action": "click_element_by_index"
      },
      {
        "id": 87,
        "desc": "Link",
        "action": "click_element_by_index"
      },
      {
        "id": 88,
        "desc": "Beyond Semantics: Unreasonable Effectiveness of Reasonless Intermediate Tokens",
        "action": "click_element_by_index"
      },
      {
        "id": 89,
        "desc": "arxiv.org",
        "action": "click_element_by_index"
      },
      {
        "id": 90,
        "desc": "nyrikki",
        "action": "click_element_by_index"
      },
      {
        "id": 91,
        "desc": "8 hours ago",
        "action": "click_element_by_index"
      },
      {
        "id": 92,
        "desc": "hide",
        "action": "click_element_by_index"
      },
      {
        "id": 93,
        "desc": "48 comments",
        "action": "click_element_by_index"
      },
      {
        "id": 94,
        "desc": "Link",
        "action": "click_element_by_index"
      },
      {
        "id": 95,
        "desc": "UndoDB – The interactive time travel debugger for Linux C/C++ for debugging",
        "action": "click_element_by_index"
      },
      {
        "id": 96,
        "desc": "undo.io",
        "action": "click_element_by_index"
      },
      {
        "id": 97,
        "desc": "droideqa",
        "action": "click_element_by_index"
      },
      {
        "id": 98,
        "desc": "4 hours ago",
        "action": "click_element_by_index"
      },
      {
        "id": 99,
        "desc": "hide",
        "action": "click_element_by_index"
      },
      {
        "id": 100,
        "desc": "20 comments",
        "action": "click_element_by_index"
      },
      {
        "id": 101,
        "desc": "Link",
        "action": "click_element_by_index"
      },
      {
        "id": 102,
        "desc": "Show HN: High-resolution surface analysis with Lidar data",
        "action": "click_element_by_index"
      },
      {
        "id": 103,
        "desc": "github.com/r-follador",
        "action": "click_element_by_index"
      },
      {
        "id": 104,
        "desc": "folli",
        "action": "click_element_by_index"
      },
      {
        "id": 105,
        "desc": "1 hour ago",
        "action": "click_element_by_index"
      },
      {
        "id": 106,
        "desc": "hide",
        "action": "click_element_by_index"
      },
      {
        "id": 107,
        "desc": "discuss",
        "action": "click_element_by_index"
      },
      {
        "id": 108,
        "desc": "Link",
        "action": "click_element_by_index"
      },
      {
        "id": 109,
        "desc": "John Carmack talk at Upper Bound 2025",
        "action": "click_element_by_index"
      },
      {
        "id": 110,
        "desc": "twitter.com/id_aa_carmack",
        "action": "click_element_by_index"
      },
      {
        "id": 111,
        "desc": "tosh",
        "action": "click_element_by_index"
      },
      {
        "id": 112,
        "desc": "19 hours ago",
        "action": "click_element_by_index"
      },
      {
        "id": 113,
        "desc": "hide",
        "action": "click_element_by_index"
      },
      {
        "id": 114,
        "desc": "324 comments",
        "action": "click_element_by_index"
      },
      {
        "id": 115,
        "desc": "Link",
        "action": "click_element_by_index"
      },
      {
        "id": 116,
        "desc": "Types of optical systems in a lens designer's toolbox (2020)",
        "action": "click_element_by_index"
      },
      {
        "id": 117,
        "desc": "pencilofrays.com",
        "action": "click_element_by_index"
      },
      {
        "id": 118,
        "desc": "picture",
        "action": "click_element_by_index"
      },
      {
        "id": 119,
        "desc": "6 hours ago",
        "action": "click_element_by_index"
      },
      {
        "id": 120,
        "desc": "hide",
        "action": "click_element_by_index"
      },
      {
        "id": 121,
        "desc": "10 comments",
        "action": "click_element_by_index"
      },
      {
        "id": 122,
        "desc": "Link",
        "action": "click_element_by_index"
      },
      {
        "id": 123,
        "desc": "Caesar's Last Breath",
        "action": "click_element_by_index"
      },
      {
        "id": 124,
        "desc": "charliesabino.com",
        "action": "click_element_by_index"
      },
      {
        "id": 125,
        "desc": "charliesabino",
        "action": "click_element_by_index"
      },
      {
        "id": 126,
        "desc": "10 hours ago",
        "action": "click_element_by_index"
      },
      {
        "id": 127,
        "desc": "hide",
        "action": "click_element_by_index"
      },
      {
        "id": 128,
        "desc": "54 comments",
        "action": "click_element_by_index"
      },
      {
        "id": 129,
        "desc": "Link",
        "action": "click_element_by_index"
      },
      {
        "id": 130,
        "desc": "Visual Studio Code: Text Buffer Reimplementation (2018)",
        "action": "click_element_by_index"
      },
      {
        "id": 131,
        "desc": "visualstudio.com",
        "action": "click_element_by_index"
      },
      {
        "id": 132,
        "desc": "stefankuehnel",
        "action": "click_element_by_index"
      },
      {
        "id": 133,
        "desc": "3 hours ago",
        "action": "click_element_by_index"
      },
      {
        "id": 134,
        "desc": "hide",
        "action": "click_element_by_index"
      },
      {
        "id": 135,
        "desc": "discuss",
        "action": "click_element_by_index"
      },
      {
        "id": 136,
        "desc": "Link",
        "action": "click_element_by_index"
      },
      {
        "id": 137,
        "desc": "How to live on $432 a month in America",
        "action": "click_element_by_index"
      },
      {
        "id": 138,
        "desc": "shagbark.substack.com",
        "action": "click_element_by_index"
      },
      {
        "id": 139,
        "desc": "cactusplant7374",
        "action": "click_element_by_index"
      },
      {
        "id": 140,
        "desc": "8 hours ago",
        "action": "click_element_by_index"
      },
      {
        "id": 141,
        "desc": "hide",
        "action": "click_element_by_index"
      },
      {
        "id": 142,
        "desc": "321 comments",
        "action": "click_element_by_index"
      },
      {
        "id": 143,
        "desc": "Link",
        "action": "click_element_by_index"
      },
      {
        "id": 144,
        "desc": "Into The Tunnel: The secret life of wind tunnels",
        "action": "click_element_by_index"
      },
      {
        "id": 145,
        "desc": "jordanwtaylor2.substack.com",
        "action": "click_element_by_index"
      },
      {
        "id": 146,
        "desc": "iamwil",
        "action": "click_element_by_index"
      },
      {
        "id": 147,
        "desc": "7 hours ago",
        "action": "click_element_by_index"
      },
      {
        "id": 148,
        "desc": "hide",
        "action": "click_element_by_index"
      },
      {
        "id": 149,
        "desc": "6 comments",
        "action": "click_element_by_index"
      },
      {
        "id": 150,
        "desc": "Link",
        "action": "click_element_by_index"
      },
      {
        "id": 151,
        "desc": "Why I no longer have an old-school cert on my HTTPS site",
        "action": "click_element_by_index"
      },
      {
        "id": 152,
        "desc": "rachelbythebay.com",
        "action": "click_element_by_index"
      },
      {
        "id": 153,
        "desc": "mcbain",
        "action": "click_element_by_index"
      },
      {
        "id": 154,
        "desc": "14 hours ago",
        "action": "click_element_by_index"
      },
      {
        "id": 155,
        "desc": "hide",
        "action": "click_element_by_index"
      },
      {
        "id": 156,
        "desc": "230 comments",
        "action": "click_element_by_index"
      },
      {
        "id": 157,
        "desc": "Link",
        "action": "click_element_by_index"
      },
      {
        "id": 158,
        "desc": "Emacs dired-mode as a file manager",
        "action": "click_element_by_index"
      },
      {
        "id": 159,
        "desc": "lynn.sh",
        "action": "click_element_by_index"
      },
      {
        "id": 160,
        "desc": "todsacerdoti",
        "action": "click_element_by_index"
      },
      {
        "id": 161,
        "desc": "6 hours ago",
        "action": "click_element_by_index"
      },
      {
        "id": 162,
        "desc": "hide",
        "action": "click_element_by_index"
      },
      {
        "id": 163,
        "desc": "37 comments",
        "action": "click_element_by_index"
      },
      {
        "id": 164,
        "desc": "Link",
        "action": "click_element_by_index"
      },
      {
        "id": 165,
        "desc": "Japan and the Birth of Modern Shipbuilding",
        "action": "click_element_by_index"
      },
      {
        "id": 166,
        "desc": "construction-physics.com",
        "action": "click_element_by_index"
      },
      {
        "id": 167,
        "desc": "m463",
        "action": "click_element_by_index"
      },
      {
        "id": 168,
        "desc": "6 hours ago",
        "action": "click_element_by_index"
      },
      {
        "id": 169,
        "desc": "hide",
        "action": "click_element_by_index"
      },
      {
        "id": 170,
        "desc": "28 comments",
        "action": "click_element_by_index"
      },
      {
        "id": 171,
        "desc": "Link",
        "action": "click_element_by_index"
      },
      {
        "id": 172,
        "desc": "Show HN: GetStack.dev – Track GitHub open-source trends",
        "action": "click_element_by_index"
      },
      {
        "id": 173,
        "desc": "getstack.dev",
        "action": "click_element_by_index"
      },
      {
        "id": 174,
        "desc": "h1fra",
        "action": "click_element_by_index"
      },
      {
        "id": 175,
        "desc": "3 hours ago",
        "action": "click_element_by_index"
      },
      {
        "id": 176,
        "desc": "hide",
        "action": "click_element_by_index"
      },
      {
        "id": 177,
        "desc": "4 comments",
        "action": "click_element_by_index"
      },
      {
        "id": 178,
        "desc": "Link",
        "action": "click_element_by_index"
      },
      {
        "id": 179,
        "desc": "The metre originated in the French Revolution",
        "action": "click_element_by_index"
      },
      {
        "id": 180,
        "desc": "abc.net.au",
        "action": "click_element_by_index"
      },
      {
        "id": 181,
        "desc": "Tomte",
        "action": "click_element_by_index"
      },
      {
        "id": 182,
        "desc": "9 hours ago",
        "action": "click_element_by_index"
      },
      {
        "id": 183,
        "desc": "hide",
        "action": "click_element_by_index"
      },
      {
        "id": 184,
        "desc": "132 comments",
        "action": "click_element_by_index"
      },
      {
        "id": 185,
        "desc": "Link",
        "action": "click_element_by_index"
      },
      {
        "id": 186,
        "desc": "A Bead Too Far: Rethinking Global Connections Before Columbus",
        "action": "click_element_by_index"
      },
      {
        "id": 187,
        "desc": "peterfrankopan.substack.com",
        "action": "click_element_by_index"
      },
      {
        "id": 188,
        "desc": "themgt",
        "action": "click_element_by_index"
      },
      {
        "id": 189,
        "desc": "1 hour ago",
        "action": "click_element_by_index"
      },
      {
        "id": 190,
        "desc": "hide",
        "action": "click_element_by_index"
      },
      {
        "id": 191,
        "desc": "1 comment",
        "action": "click_element_by_index"
      },
      {
        "id": 192,
        "desc": "Link",
        "action": "click_element_by_index"
      },
      {
        "id": 193,
        "desc": "Show HN: hcker.news – an ergonomic, timeline-based Hacker News front page",
        "action": "click_element_by_index"
      },
      {
        "id": 194,
        "desc": "hcker.news",
        "action": "click_element_by_index"
      },
      {
        "id": 195,
        "desc": "postalcoder",
        "action": "click_element_by_index"
      },
      {
        "id": 196,
        "desc": "6 hours ago",
        "action": "click_element_by_index"
      },
      {
        "id": 197,
        "desc": "hide",
        "action": "click_element_by_index"
      },
      {
        "id": 198,
        "desc": "57 comments",
        "action": "click_element_by_index"
      },
      {
        "id": 199,
        "desc": "Link",
        "action": "click_element_by_index"
      },
      {
        "id": 200,
        "desc": "MCP is the coming of Web 2.0 2.0",
        "action": "click_element_by_index"
      },
      {
        "id": 201,
        "desc": "anildash.com",
        "action": "click_element_by_index"
      },
      {
        "id": 202,
        "desc": "freediver",
        "action": "click_element_by_index"
      },
      {
        "id": 203,
        "desc": "9 hours ago",
        "action": "click_element_by_index"
      },
      {
        "id": 204,
        "desc": "hide",
        "action": "click_element_by_index"
      },
      {
        "id": 205,
        "desc": "157 comments",
        "action": "click_element_by_index"
      },
      {
        "id": 206,
        "desc": "Link",
        "action": "click_element_by_index"
      },
      {
        "id": 207,
        "desc": "Designing type inference for high quality type errors",
        "action": "click_element_by_index"
      },
      {
        "id": 208,
        "desc": "polybdenum.com",
        "action": "click_element_by_index"
      },
      {
        "id": 209,
        "desc": "PaulHoule",
        "action": "click_element_by_index"
      },
      {
        "id": 210,
        "desc": "11 hours ago",
        "action": "click_element_by_index"
      },
      {
        "id": 211,
        "desc": "hide",
        "action": "click_element_by_index"
      },
      {
        "id": 212,
        "desc": "13 comments",
        "action": "click_element_by_index"
      },
      {
        "id": 213,
        "desc": "Link",
        "action": "click_element_by_index"
      },
      {
        "id": 214,
        "desc": "Writing A Job Runner (In Elixir) (Again) (10 years later)",
        "action": "click_element_by_index"
      },
      {
        "id": 215,
        "desc": "github.com/notactuallytreyanastasio",
        "action": "click_element_by_index"
      },
      {
        "id": 216,
        "desc": "rhgraysonii",
        "action": "click_element_by_index"
      },
      {
        "id": 217,
        "desc": "14 hours ago",
        "action": "click_element_by_index"
      },
      {
        "id": 218,
        "desc": "hide",
        "action": "click_element_by_index"
      },
      {
        "id": 219,
        "desc": "32 comments",
        "action": "click_element_by_index"
      },
      {
        "id": 220,
        "desc": "More",
        "action": "click_element_by_index"
      },
      {
        "id": 221,
        "desc": "Guidelines",
        "action": "click_element_by_index"
      },
      {
        "id": 222,
        "desc": "FAQ",
        "action": "click_element_by_index"
      },
      {
        "id": 223,
        "desc": "Lists",
        "action": "click_element_by_index"
      },
      {
        "id": 224,
        "desc": "API",
        "action": "click_element_by_index"
      },
      {
        "id": 225,
        "desc": "Security",
        "action": "click_element_by_index"
      },
      {
        "id": 226,
        "desc": "Legal",
        "action": "click_element_by_index"
      },
      {
        "id": 227,
        "desc": "Apply to YC",
        "action": "click_element_by_index"
      }
    ],
    "forms": [
      {
        "id": 229,
        "desc": "Text Input",
        "action": "input_text"
      }
    ],
    "buttons": [
      {
        "id": 228,
        "desc": "Contact",
        "action": "click_element_by_index"
      }
    ],
    "total": 229
  }
}