{
  "search_results_0A": [
    "https://www.google.com/finance/quote/OLAELEC:NSE",
    "https://www.nseindia.com/get-quotes/equity?symbol=OLAELEC",
    "https://www.moneycontrol.com/india/stockpricequote/auto-ancillaries-brakes/olaelectricmobility/OEM"
  ],
  "raw_text_1A": [
    {
      "type": "text",
      "text": "[trafilatura] HomeOLAELEC  NSE\nOla Electric Mobility Ltd\nFollow\nMarket news\nFinancials\nIncome Statement\nRevenue\nNet income\n| (INR) | Dec 2024info | Y/Y change |\n|---|---|---|\nRevenue | 10.45B | -19.37% |\nOperating expense | 7.92B | 29.41% |\nNet income | -5.64B | -50.00% |\nNet profit margin | -53.97 | -86.04% |\nEarnings per share | -1.28 |  |\nEBITDA | -5.50B | -47.13% |\nEffective tax rate |  |  |\nBalance Sheet\nTotal assets\nTotal liabilities\n| (INR) | Dec 2024info | Y/Y change |\n|---|---|---|\nCash and short-term investments | 59.20B |  |\nTotal assets |  |  |\nTotal liabilities |  |  |\nTotal equity | 65.73B |  |\nShares outstanding | 4.41B |  |\nPrice to book | 3.27 |  |\nReturn on assets |  |  |\nReturn on capital | -15.06% |  |\nCash Flow\nNet change in cash\n| (INR) | Dec 2024info | Y/Y change |\n|---|---|---|\nNet income | -5.64B | -50.00% |\nCash from operations |  |  |\nCash from investing |  |  |\nCash from financing |  |  |\nNet change in cash |  |  |\nFree cash flow |  |  |\nPrevious close\n52.12\nDay range\n52.12 - 54.10\nYear range\n45.35 - 157.40\nMarket cap\n223.74B INR\nAvg Volume\n25.66M\nP/E ratio\n-\nDividend yield\n-\nPrimary exchange\nNSE\nAbout\nFounded\n2017\nWebsite",
      "annotations": null
    }
  ]
}