{
  "search_results_0a": [
    "https://thebusinessrule.com/top-10-profitable-indian-startups/",
    "https://digibizworld.com/top-profitable-startups-in-india/",
    "https://www.failory.com/startups/india",
    "https://officechai.com/startups/these-are-indias-10-highest-profit-making-startup-unicorns/",
    "https://www.upgrad.com/blog/top-15-startups-in-india-to-work-invest/"
  ],
  "text1_1A": [
    {
      "type": "text",
      "text": "[trafilatura] Do you know India is the third largest startup ecosystem in the world? Yes, we are in the race along with China and the US. Although our startup ecosystem is still quite deep in water. But with novel technologies and unique business models, our startups have come a long way to get global recognition. In this article, you will get a thorough insight into the top 10 profitable Indian startups as of 2023.\nStay tuned!\nA Brief Overview\n| Name (Profitable Startups) | Year of Establishment | Founder(s) | Valuation |\n| Razorpay | 2014 | Harshil MathurShashank Kumar | $7.5 billion |\n| Info Edge | 1995 | Sanjeev Bikhchandani | $5.6 billion |\n| OfBusiness | 2005 | Asish MohapatraVasant SridharRuchi KalraBhuvan GuptaNitin Jain | $5 billion |\n| Nykaa | 2012 | Falguni Nayar | $4.9 billion |\n| Zerodha | 2010 | Nithin KamathNikhil Kamath | $2 billion |\n| Gupshup | 2004 | Beerud Sheth | $1.4 billion |\n| Amagi | 2008 | K.A. Srinivasan (Srini) | $1.4 billion |\n| EaseMyTrip | 2008 | Nishant PittiRikant Pitti | $1.03 billion |\n| Zoho | 1996 | Sridhar VembuSreenivas KamumuruTony G. Thomas | $1 billion |\n| Oxyzo | 2016 | Asish Mohapatra | $1 billion |\nDetails\n1. Razorpay\nRazorpay is an Indian financial technology company. It provides payment gateway solutions, payment processing, and payment settlement services for businesses of all sizes. Harshil Mathur and Shashank Kumar founded this company in 2013. Presently, it is headquartered in Bangalore, India.\nYou will get numerous payment options in Razorpay like-\n- Credit Cards\n- Debit Cards\n- Net Banking\n- UPI (Unified Payment Interface)\n- Mobile Wallets\nApart from this, you can also avail different payment-related features and services such as-\n- Automatic Payment Reconciliation\n- Automated Refunds\n- Subscription Billing\n- Invoice Management\nWe have covered detailed information about the Razorpay business model here. In that, we have described how it has processed over $50 billion in payment transactions for more than 5 million businesses in India. Prominent investors like Sequoia Capital, Ribbit Capital, and Market Partners back up Razorpay. Currently, its market valuation is $7.5 billion.\n2. Info Edge\nAn Indian tech company that stands out in the market of online recruitment, education, and real estate segment is Info Edge. Sanjeev Bikhchandani founded this company in 1995. Presently, the headquarters of Info Edge is present in Noida, Uttar Pradesh (India). It operates in several segments such as-\n- Online Recruitment Segment You must have heard about the flagship recruitment website Naukri.com. It belongs to Info Edge! Thats not the only one. Apart from that, it recruits several other recruitment portals namely- Naukrigulf.com and Firstnaukri.com.\n- Real Estate Segment Info Edge operates 99acres.com. This is a popular online platform where you can buy, sell, and rent various real estate properties in India.\n- Educational Segment It operates a famous education portal i.e., Shiksha.com. Here you get information regarding",
      "annotations": null
    }
  ],
  "text2_1A": [
    {
      "type": "text",
      "text": "[trafilatura] Top 10 Profitable Startups in India 2024\nCurrently, India is the powerhouse of startups but does not know how many startups are making profits. Many startups appear in the corporate sector but only several great startup ideas have established themselves. Indias startup ecosystem has rapidly ascended to global prominence, boasting an array of innovative ventures that are reshaping various industries.\nIn 2024, the landscape is marked by several standout companies that have not only disrupted their respective industries but have also achieved impressive profitability. These most profitable startups in India span various sectors, from fintech and e-commerce to travel and infra, showcasing the diverse opportunities within the market. This article delves into the top 10 most profitable startups in India and highlights their financial successes.\nHere is the list of the Most Profitable Startups in India.\n1. Zerodha\nProfit  $347.35 million (INR 2,908 cr.)\nZerodha, an online discount brokerage firm founded in 2010, has revolutionized the trading landscape in India. With its user-friendly platform and cost-effective trading solutions, Zerodha has made investing accessible to millions. In 2024, Zerodha stands as the most profitable startup in India, boasting a profit of INR 2,908.9 crore. This success is attributed to its innovative business model, which includes zero brokerage fees for equity investments and a flat fee for intraday and F&O trades.\n2. Zoho Corporation\nProfit  $338.74 million (INR 2,836 cr.)\nZoho Corporation, established in 1996, offers a comprehensive suite of business software solutions, including CRM, invoicing, and office productivity tools. Known for its customer-centric innovation and organic growth, Zoho reported a profit of Rs 2,836 crore in 2024. Zoho has grown organically without external funding, reflecting its strong market presence and the continued demand for its versatile software products.\n3. OfBusiness\nProfit  $55.3 million (INR 463 cr.)\nOfBusiness, founded in 2015, is a fintech platform that provides SMEs with access to credit and raw materials. By leveraging technology, OfBusiness has streamlined the procurement process and offered financial support to small and medium enterprises. In 2024, it achieved a profit of Rs 463 crore, highlighting its critical role in empowering Indias SME sector with innovative financial products.\n4. Groww\nProfit  $53.5 million (INR 448 cr.)\nGroww, an investment platform launched in 2017, has simplified investing for individuals by offering a wide range of financial products, including mutual funds, stocks, and fixed deposits. In 2024, Groww reported a profit of Rs 448 crore, underscoring its success in democratizing investment opportunities in India. Its user-friendly interface and educational resources have attracted a large user base.\n5. Dream11\nProfit  $14 million (INR 188 cr.)\nDream11, the fantasy sports platform launched in 2008, allows users to create fantasy teams and compete in various s",
      "annotations": null
    }
  ],
  "text3_1A": [
    {
      "type": "text",
      "text": "[trafilatura] 1) Urban Company Urban is a marketplace for independent contractors.\nDetails of the startup:\nState: Haryana City: Gurgaon Started in: 2014 Founders: Abhiraj Singh Bhal, Raghav Chandra, Varun Khaitan Industries: Apps, Home Services, Marketplace, Service Industry Number of employees: 1001-5000 Funding: $445,920,356 Funding rounds: 12 Number of investors: 16 (Bessemer Venture Partners, Tiger Global Management, Accel, Wellington Management, Dragoneer Investment Group) You can find their website here .\n2) Classplus Classplus is a mobile-first SaaS platform that allows 3000+ tutors to totally automate their curriculum and operations.\nDetails of the startup:\nState: Uttar Pradesh City: Noida Started in: 2018 Founders: Bhaswat Agarwal, Bikash Dash, Mukul Rustagi, Nikhil Goel, Vatsal Rustagi Industries: B2B, E-Learning, EdTech, Education, Mobile Apps, SaaS, Software Number of employees: 101-250 Funding: $89,506,451 Funding rounds: 10 Number of investors: 20 (Sequoia Capital India, Kunal Shah, Tiger Global Management, GSV Ventures, RTP Global) You can find their website here .\n3) Paytm Paytm is a payment gateway that allows users and businesses to make payments.\nDetails of the startup:\nState: Uttar Pradesh City: Noida Started in: 2010 Founders: Akshay Khanna, Vijay Shekhar Sharma Industries: E-Commerce, Finance, Financial Services, Internet, Mobile Apps, Mobile Payments Number of employees: 501-1000 Funding: $32,448,851 Funding rounds: 4 Number of investors: 4 (Vijay Shekhar Sharma, K2 Global, Investopad, One97 Mobility Fund) You can find their website here .\n4) Apna Apna is a professional networking and job-search platform that connects blue- and gray-collar professionals with like-minded people and places to work.\nDetails of the startup:\nState: Maharashtra City: Mumbai Started in: 2019 Founders: Nirmit Parikh Industries: Employment, Human Resources, Recruiting, Staffing Agency Number of employees: 101-250 Funding: $93,450,000 Funding rounds: 4 Number of investors: 6 (Sequoia Capital India, Greenoaks Capital, Tiger Global Management, Insight Partners, rocketship.vc) You can find their website here .\n5) Razorpay Razorpay is a payment acceptance, processing, and disbursement platform for businesses.\nDetails of the startup:\nState: Karnataka City: Bengaluru Started in: 2014 Founders: Harshil Mathur, Shashank Kumar Industries: Financial Services, FinTech, Payments, Software Number of employees: 1001-5000 Funding: $366,600,000 Funding rounds: 7 Number of investors: 29 (Sequoia Capital India, Ribbit Capital, Kunal Shah, GIC, Tiger Global Management) You can find their website here .\n6) UpGrad UpGrad is a higher education portal that offers courses in Data Science, Technology, Management, and Law online.\nDetails of the startup:\nState: Maharashtra City: Mumbai Started in: 2015 Founders: Mayank Kumar, Phalgun Kompalli, Ravijot Chugh, Ronnie Screwvala Industries: E-Learning, EdTech, Education Number of employees: 1001-5000 Funding: $176,283,446 Funding rounds: 4 Numb",
      "annotations": null
    }
  ]
}